{
  "name": "floating-dock",
  "displayName": "Floating Dock",
  "description": "A macOS-style floating dock with smooth animations and hover effects",
  "category": "navigation",
  "subcategory": "dock",
  "tags": ["navigation", "dock", "menu", "animated", "responsive"],
  "version": "1.0.0",
  "dependencies": {
    "framer-motion": "^10.0.0",
    "@tabler/icons-react": "^2.0.0"
  },
  "files": [
    {
      "name": "floating-dock-base.tsx",
      "path": "components/ui/floating-dock/floating-dock-base.tsx",
      "type": "base"
    },
    {
      "name": "floating-dock-standard.tsx",
      "path": "components/ui/floating-dock/floating-dock-standard.tsx",
      "type": "demo"
    },
    {
      "name": "floating-dock-minimal.tsx",
      "path": "components/ui/floating-dock/floating-dock-minimal.tsx",
      "type": "demo"
    },
    {
      "name": "floating-dock-portfolio.tsx",
      "path": "components/ui/floating-dock/floating-dock-portfolio.tsx",
      "type": "demo"
    },
    {
      "name": "floating-dock.types.ts",
      "path": "components/ui/floating-dock/floating-dock.types.ts",
      "type": "types"
    }
  ],
  "exports": {
    "FloatingDock": "./floating-dock-base.tsx",
    "FloatingDockDesktop": "./floating-dock-base.tsx",
    "FloatingDockMobile": "./floating-dock-base.tsx"
  },
  "demos": [
    {
      "name": "Standard",
      "component": "FloatingDockStandardDemo",
      "description": "Full-featured dock with navigation items"
    },
    {
      "name": "Minimal",
      "component": "FloatingDockMinimalDemo",
      "description": "Simple dock with basic navigation"
    },
    {
      "name": "Portfolio",
      "component": "FloatingDockPortfolioDemo",
      "description": "Dock tailored for portfolio websites"
    }
  ]
}