{
  "name": "animated-tooltip",
  "type": "component",
  "files": [
    {
      "name": "animated-tooltip-base.tsx",
      "content": "Core animated tooltip component with mouse-following animations"
    },
    {
      "name": "animated-tooltip-team-avatars.tsx",
      "content": "Team member avatars with role tooltips"
    },
    {
      "name": "animated-tooltip-social-profiles.tsx",
      "content": "Social media profile display variant"
    },
    {
      "name": "animated-tooltip-skill-badges.tsx",
      "content": "Technical skill badges with experience levels"
    },
    {
      "name": "animated-tooltip.types.ts",
      "content": "TypeScript type definitions"
    },
    {
      "name": "index.tsx",
      "content": "Component exports"
    }
  ],
  "component": {
    "name": "AnimatedTooltip",
    "description": "A cool tooltip that reveals on hover and follows mouse pointer",
    "props": [
      {
        "name": "items",
        "type": "TooltipItem[]",
        "required": true,
        "description": "Array of items with id, name, designation, and image"
      },
      {
        "name": "className",
        "type": "string",
        "required": false,
        "description": "Additional CSS classes for the container"
      }
    ]
  },
  "dependencies": [
    "framer-motion",
    "clsx",
    "tailwind-merge"
  ],
  "tags": ["tooltip", "hover", "animation", "utility", "interactive"],
  "version": "1.0.0"
}