{
  "name": "timeline",
  "type": "registry:ui",
  "registryDependencies": [],
  "files": [
    {
      "path": "components/ui/timeline/timeline-base.tsx",
      "type": "registry:ui"
    },
    {
      "path": "components/ui/timeline/timeline-demo.tsx",
      "type": "registry:ui"
    },
    {
      "path": "components/ui/timeline/timeline.types.ts",
      "type": "registry:ui"
    },
    {
      "path": "components/ui/timeline/index.tsx",
      "type": "registry:ui"
    }
  ],
  "tailwind": {
    "config": {}
  },
  "dependencies": ["motion", "clsx", "tailwind-merge", "@tabler/icons-react"],
  "css": []
}