{
  "name": "text-generate-effect",
  "type": "registry:ui",
  "registryDependencies": [],
  "files": [
    {
      "path": "components/ui/text-generate-effect/text-generate-effect-base.tsx",
      "type": "registry:ui"
    },
    {
      "path": "components/ui/text-generate-effect/text-generate-effect-demo.tsx",
      "type": "registry:ui"
    },
    {
      "path": "components/ui/text-generate-effect/text-generate-effect.types.ts",
      "type": "registry:ui"
    },
    {
      "path": "components/ui/text-generate-effect/index.tsx",
      "type": "registry:ui"
    }
  ],
  "tailwind": {
    "config": {}
  },
  "dependencies": ["motion", "clsx", "tailwind-merge"],
  "css": []
}